{
  "top_k": 10,
  "n_questions": 20,
  "hit@10": 1.0,
  "recall@10": 0.95,
  "precision@10": 0.19000000000000003,
  "mrr@10": 0.9375,
  "avg_n_gold": 2.0,
  "questions_without_gold": 0,
  "by_topic": {
    "entertainment": {
      "n": 10,
      "hit@10": 1.0,
      "recall@10": 1.0,
      "mrr@10": 0.875
    },
    "geography": {
      "n": 10,
      "hit@10": 1.0,
      "recall@10": 0.9,
      "mrr@10": 1.0
    }
  },
  "by_hotpot_type": {
    "bridge": {
      "n": 13,
      "hit@10": 1.0,
      "recall@10": 0.9230769230769231,
      "mrr@10": 0.9038461538461539
    },
    "comparison": {
      "n": 7,
      "hit@10": 1.0,
      "recall@10": 1.0,
      "mrr@10": 1.0
    }
  }
}